type,instance,num_var,NUM_SHOTS,num_rep,num_steps,compress,runtime,gpu_runtime,gap,best_energy,gnd_energy,success_prob,best_solution
4,precision_2_timepoints_2.coo,32,5,16,1000,false,0.029988459999999995,0.029401908799999998,0.0,-20.0,-20.0,1.0,1;-1;-1;1;-1;1;-1;1;-1;1;-1;1;-1;1;-1;1;-1;-1;-1;1;-1;1;-1;1;-1;1;-1;1;-1;1;-1;1
4,precision_2_timepoints_3.coo,48,5,16,1000,false,0.0322830326,0.03172928700000001,0.0,-34.0,-34.0,1.0,1;-1;-1;1;-1;1;-1;1;-1;1;-1;1;-1;1;-1;1;-1;-1;-1;1;-1;1;-1;1;-1;1;-1;1;-1;1;-1;1;1;-1;-1;1;-1;1;-1;1;-1;1;-1;1;-1;1;-1;1
4,precision_2_timepoints_4.coo,64,5,16,1000,false,0.0312705644,0.030744730000000005,0.0,-48.0,-48.0,0.4,1;-1;-1;1;-1;1;-1;1;-1;1;-1;1;-1;1;-1;1;-1;-1;-1;1;-1;1;-1;1;-1;1;-1;1;-1;1;-1;1;1;-1;-1;1;-1;1;-1;1;-1;1;-1;1;-1;1;-1;1;-1;-1;-1;1;-1;1;-1;1;-1;1;-1;1;-1;1;-1;1
4,precision_2_timepoints_5.coo,80,5,16,1000,false,0.0302955874,0.029730773199999998,0.0,-62.0,-62.0,0.6,1;-1;-1;1;-1;1;-1;1;-1;1;-1;1;-1;1;-1;1;-1;-1;-1;1;-1;1;-1;1;-1;1;-1;1;-1;1;-1;1;1;-1;-1;1;-1;1;-1;1;-1;1;-1;1;-1;1;-1;1;-1;-1;-1;1;-1;1;-1;1;-1;1;-1;1;-1;1;-1;1;1;-1;-1;1;-1;1;-1;1;-1;1;-1;1;-1;1;-1;1
4,precision_2_timepoints_2.coo,32,5,16,10000,false,0.3037999248,0.3031229674,0.0,-20.0,-20.0,1.0,1;-1;-1;1;-1;1;-1;1;-1;1;-1;1;-1;1;-1;1;-1;-1;-1;1;-1;1;-1;1;-1;1;-1;1;-1;1;-1;1
4,precision_2_timepoints_3.coo,48,5,16,10000,false,0.3042654298,0.3035488366,0.0,-34.0,-34.0,0.6,1;-1;-1;1;-1;1;-1;1;-1;1;-1;1;-1;1;-1;1;-1;-1;-1;1;-1;1;-1;1;-1;1;-1;1;-1;1;-1;1;1;-1;-1;1;-1;1;-1;1;-1;1;-1;1;-1;1;-1;1
4,precision_2_timepoints_4.coo,64,5,16,10000,false,0.30466990419999995,0.3039561668,0.0,-48.0,-48.0,0.6,1;-1;-1;1;-1;1;-1;1;-1;1;-1;1;-1;1;-1;1;-1;-1;-1;1;-1;1;-1;1;-1;1;-1;1;-1;1;-1;1;1;-1;-1;1;-1;1;-1;1;-1;1;-1;1;-1;1;-1;1;-1;-1;-1;1;-1;1;-1;1;-1;1;-1;1;-1;1;-1;1
4,precision_2_timepoints_5.coo,80,5,16,10000,false,0.302885194,0.30216478160000004,0.0,-62.0,-62.0,0.6,1;-1;-1;1;-1;1;-1;1;-1;1;-1;1;-1;1;-1;1;-1;-1;-1;1;-1;1;-1;1;-1;1;-1;1;-1;1;-1;1;1;-1;-1;1;-1;1;-1;1;-1;1;-1;1;-1;1;-1;1;-1;-1;-1;1;-1;1;-1;1;-1;1;-1;1;-1;1;-1;1;1;-1;-1;1;-1;1;-1;1;-1;1;-1;1;-1;1;-1;1
4,precision_2_timepoints_2.coo,32,5,32,1000,false,0.0378499274,0.0371576584,0.0,-20.0,-20.0,1.0,1;-1;-1;1;-1;1;-1;1;-1;1;-1;1;-1;1;-1;1;-1;-1;-1;1;-1;1;-1;1;-1;1;-1;1;-1;1;-1;1
4,precision_2_timepoints_3.coo,48,5,32,1000,false,0.0314188398,0.030839252600000006,0.0,-34.0,-34.0,1.0,1;-1;-1;1;-1;1;-1;1;-1;1;-1;1;-1;1;-1;1;-1;-1;-1;1;-1;1;-1;1;-1;1;-1;1;-1;1;-1;1;1;-1;-1;1;-1;1;-1;1;-1;1;-1;1;-1;1;-1;1
4,precision_2_timepoints_4.coo,64,5,32,1000,false,0.0289637484,0.028440581399999998,0.0,-48.0,-48.0,0.8,1;-1;-1;1;-1;1;-1;1;-1;1;-1;1;-1;1;-1;1;-1;-1;-1;1;-1;1;-1;1;-1;1;-1;1;-1;1;-1;1;1;-1;-1;1;-1;1;-1;1;-1;1;-1;1;-1;1;-1;1;-1;-1;-1;1;-1;1;-1;1;-1;1;-1;1;-1;1;-1;1
4,precision_2_timepoints_5.coo,80,5,32,1000,false,0.0361562324,0.035510560000000004,0.0,-62.0,-62.0,1.0,1;-1;-1;1;-1;1;-1;1;-1;1;-1;1;-1;1;-1;1;-1;-1;-1;1;-1;1;-1;1;-1;1;-1;1;-1;1;-1;1;1;-1;-1;1;-1;1;-1;1;-1;1;-1;1;-1;1;-1;1;-1;-1;-1;1;-1;1;-1;1;-1;1;-1;1;-1;1;-1;1;1;-1;-1;1;-1;1;-1;1;-1;1;-1;1;-1;1;-1;1
4,precision_2_timepoints_2.coo,32,5,32,10000,false,0.333770059,0.3330804872,0.0,-20.0,-20.0,1.0,1;-1;-1;1;-1;1;-1;1;-1;1;-1;1;-1;1;-1;1;-1;-1;-1;1;-1;1;-1;1;-1;1;-1;1;-1;1;-1;1
4,precision_2_timepoints_3.coo,48,5,32,10000,false,0.3311073522,0.32839717179999994,0.0,-34.0,-34.0,0.8,1;-1;-1;1;-1;1;-1;1;-1;1;-1;1;-1;1;-1;1;-1;-1;-1;1;-1;1;-1;1;-1;1;-1;1;-1;1;-1;1;1;-1;-1;1;-1;1;-1;1;-1;1;-1;1;-1;1;-1;1
4,precision_2_timepoints_4.coo,64,5,32,10000,false,0.331710342,0.3206866868,0.0,-48.0,-48.0,0.6,1;-1;-1;1;-1;1;-1;1;-1;1;-1;1;-1;1;-1;1;-1;-1;-1;1;-1;1;-1;1;-1;1;-1;1;-1;1;-1;1;1;-1;-1;1;-1;1;-1;1;-1;1;-1;1;-1;1;-1;1;-1;-1;-1;1;-1;1;-1;1;-1;1;-1;1;-1;1;-1;1
4,precision_2_timepoints_5.coo,80,5,32,10000,false,0.3240560268,0.31630917299999994,0.0,-62.0,-62.0,1.0,1;-1;-1;1;-1;1;-1;1;-1;1;-1;1;-1;1;-1;1;-1;-1;-1;1;-1;1;-1;1;-1;1;-1;1;-1;1;-1;1;1;-1;-1;1;-1;1;-1;1;-1;1;-1;1;-1;1;-1;1;-1;-1;-1;1;-1;1;-1;1;-1;1;-1;1;-1;1;-1;1;1;-1;-1;1;-1;1;-1;1;-1;1;-1;1;-1;1;-1;1
4,precision_2_timepoints_2.coo,32,5,64,1000,false,0.035766993799999994,0.0270318544,0.0,-20.0,-20.0,1.0,1;-1;-1;1;-1;1;-1;1;-1;1;-1;1;-1;1;-1;1;-1;-1;-1;1;-1;1;-1;1;-1;1;-1;1;-1;1;-1;1
4,precision_2_timepoints_3.coo,48,5,64,1000,false,0.0353589422,0.0268282166,0.0,-34.0,-34.0,1.0,1;-1;-1;1;-1;1;-1;1;-1;1;-1;1;-1;1;-1;1;-1;-1;-1;1;-1;1;-1;1;-1;1;-1;1;-1;1;-1;1;1;-1;-1;1;-1;1;-1;1;-1;1;-1;1;-1;1;-1;1
4,precision_2_timepoints_4.coo,64,5,64,1000,false,0.0358717524,0.027383933,0.0,-48.0,-48.0,0.8,1;-1;-1;1;-1;1;-1;1;-1;1;-1;1;-1;1;-1;1;-1;-1;-1;1;-1;1;-1;1;-1;1;-1;1;-1;1;-1;1;1;-1;-1;1;-1;1;-1;1;-1;1;-1;1;-1;1;-1;1;-1;-1;-1;1;-1;1;-1;1;-1;1;-1;1;-1;1;-1;1
4,precision_2_timepoints_5.coo,80,5,64,1000,false,0.0367452978,0.028565150399999996,0.0,-62.0,-62.0,0.8,1;-1;-1;1;-1;1;-1;1;-1;1;-1;1;-1;1;-1;1;-1;-1;-1;1;-1;1;-1;1;-1;1;-1;1;-1;1;-1;1;1;-1;-1;1;-1;1;-1;1;-1;1;-1;1;-1;1;-1;1;-1;-1;-1;1;-1;1;-1;1;-1;1;-1;1;-1;1;-1;1;1;-1;-1;1;-1;1;-1;1;-1;1;-1;1;-1;1;-1;1
4,precision_2_timepoints_2.coo,32,5,64,10000,false,0.3478106844,0.3364090572,0.0,-20.0,-20.0,1.0,1;-1;-1;1;-1;1;-1;1;-1;1;-1;1;-1;1;-1;1;-1;-1;-1;1;-1;1;-1;1;-1;1;-1;1;-1;1;-1;1
4,precision_2_timepoints_3.coo,48,5,64,10000,false,0.3298230114,0.3187291774,0.0,-34.0,-34.0,1.0,1;-1;-1;1;-1;1;-1;1;-1;1;-1;1;-1;1;-1;1;-1;-1;-1;1;-1;1;-1;1;-1;1;-1;1;-1;1;-1;1;1;-1;-1;1;-1;1;-1;1;-1;1;-1;1;-1;1;-1;1
4,precision_2_timepoints_4.coo,64,5,64,10000,false,0.397646404,0.386358876,0.0,-48.0,-48.0,1.0,1;-1;-1;1;-1;1;-1;1;-1;1;-1;1;-1;1;-1;1;-1;-1;-1;1;-1;1;-1;1;-1;1;-1;1;-1;1;-1;1;1;-1;-1;1;-1;1;-1;1;-1;1;-1;1;-1;1;-1;1;-1;-1;-1;1;-1;1;-1;1;-1;1;-1;1;-1;1;-1;1
4,precision_2_timepoints_5.coo,80,5,64,10000,false,0.3937919764,0.3804806734,0.0,-62.0,-62.0,1.0,1;-1;-1;1;-1;1;-1;1;-1;1;-1;1;-1;1;-1;1;-1;-1;-1;1;-1;1;-1;1;-1;1;-1;1;-1;1;-1;1;1;-1;-1;1;-1;1;-1;1;-1;1;-1;1;-1;1;-1;1;-1;-1;-1;1;-1;1;-1;1;-1;1;-1;1;-1;1;-1;1;1;-1;-1;1;-1;1;-1;1;-1;1;-1;1;-1;1;-1;1
4,precision_2_timepoints_2.coo,32,5,128,1000,false,0.039467445000000004,0.027440597599999998,0.0,-20.0,-20.0,1.0,1;-1;-1;1;-1;1;-1;1;-1;1;-1;1;-1;1;-1;1;-1;-1;-1;1;-1;1;-1;1;-1;1;-1;1;-1;1;-1;1
4,precision_2_timepoints_3.coo,48,5,128,1000,false,0.040136150999999995,0.0314231082,0.0,-34.0,-34.0,1.0,1;-1;-1;1;-1;1;-1;1;-1;1;-1;1;-1;1;-1;1;-1;-1;-1;1;-1;1;-1;1;-1;1;-1;1;-1;1;-1;1;1;-1;-1;1;-1;1;-1;1;-1;1;-1;1;-1;1;-1;1
4,precision_2_timepoints_4.coo,64,5,128,1000,false,0.0378783134,0.028701941600000003,0.0,-48.0,-48.0,1.0,1;-1;-1;1;-1;1;-1;1;-1;1;-1;1;-1;1;-1;1;-1;-1;-1;1;-1;1;-1;1;-1;1;-1;1;-1;1;-1;1;1;-1;-1;1;-1;1;-1;1;-1;1;-1;1;-1;1;-1;1;-1;-1;-1;1;-1;1;-1;1;-1;1;-1;1;-1;1;-1;1
4,precision_2_timepoints_5.coo,80,5,128,1000,false,0.0377985698,0.026741418,0.0,-62.0,-62.0,1.0,1;-1;-1;1;-1;1;-1;1;-1;1;-1;1;-1;1;-1;1;-1;-1;-1;1;-1;1;-1;1;-1;1;-1;1;-1;1;-1;1;1;-1;-1;1;-1;1;-1;1;-1;1;-1;1;-1;1;-1;1;-1;-1;-1;1;-1;1;-1;1;-1;1;-1;1;-1;1;-1;1;1;-1;-1;1;-1;1;-1;1;-1;1;-1;1;-1;1;-1;1
4,precision_2_timepoints_2.coo,32,5,128,10000,false,0.4209003686,0.40852649460000007,0.0,-20.0,-20.0,1.0,1;-1;-1;1;-1;1;-1;1;-1;1;-1;1;-1;1;-1;1;-1;-1;-1;1;-1;1;-1;1;-1;1;-1;1;-1;1;-1;1
4,precision_2_timepoints_3.coo,48,5,128,10000,false,0.40926655720000005,0.3954127882,0.0,-34.0,-34.0,1.0,1;-1;-1;1;-1;1;-1;1;-1;1;-1;1;-1;1;-1;1;-1;-1;-1;1;-1;1;-1;1;-1;1;-1;1;-1;1;-1;1;1;-1;-1;1;-1;1;-1;1;-1;1;-1;1;-1;1;-1;1
4,precision_2_timepoints_4.coo,64,5,128,10000,false,0.40452736600000005,0.3917765976,0.0,-48.0,-48.0,0.8,1;-1;-1;1;-1;1;-1;1;-1;1;-1;1;-1;1;-1;1;-1;-1;-1;1;-1;1;-1;1;-1;1;-1;1;-1;1;-1;1;1;-1;-1;1;-1;1;-1;1;-1;1;-1;1;-1;1;-1;1;-1;-1;-1;1;-1;1;-1;1;-1;1;-1;1;-1;1;-1;1
4,precision_2_timepoints_5.coo,80,5,128,10000,false,0.45167575299999996,0.4369644544,0.0,-62.0,-62.0,1.0,1;-1;-1;1;-1;1;-1;1;-1;1;-1;1;-1;1;-1;1;-1;-1;-1;1;-1;1;-1;1;-1;1;-1;1;-1;1;-1;1;1;-1;-1;1;-1;1;-1;1;-1;1;-1;1;-1;1;-1;1;-1;-1;-1;1;-1;1;-1;1;-1;1;-1;1;-1;1;-1;1;1;-1;-1;1;-1;1;-1;1;-1;1;-1;1;-1;1;-1;1
4,precision_2_timepoints_2.coo,32,5,256,1000,false,0.0452454658,0.03240886080000001,0.0,-20.0,-20.0,1.0,1;-1;-1;1;-1;1;-1;1;-1;1;-1;1;-1;1;-1;1;-1;-1;-1;1;-1;1;-1;1;-1;1;-1;1;-1;1;-1;1
4,precision_2_timepoints_3.coo,48,5,256,1000,false,0.0385271734,0.0271979892,0.0,-34.0,-34.0,1.0,1;-1;-1;1;-1;1;-1;1;-1;1;-1;1;-1;1;-1;1;-1;-1;-1;1;-1;1;-1;1;-1;1;-1;1;-1;1;-1;1;1;-1;-1;1;-1;1;-1;1;-1;1;-1;1;-1;1;-1;1
4,precision_2_timepoints_4.coo,64,5,256,1000,false,0.0386824118,0.0277568678,0.0,-48.0,-48.0,1.0,1;-1;-1;1;-1;1;-1;1;-1;1;-1;1;-1;1;-1;1;-1;-1;-1;1;-1;1;-1;1;-1;1;-1;1;-1;1;-1;1;1;-1;-1;1;-1;1;-1;1;-1;1;-1;1;-1;1;-1;1;-1;-1;-1;1;-1;1;-1;1;-1;1;-1;1;-1;1;-1;1
4,precision_2_timepoints_5.coo,80,5,256,1000,false,0.038693117,0.0273745858,0.0,-62.0,-62.0,1.0,1;-1;-1;1;-1;1;-1;1;-1;1;-1;1;-1;1;-1;1;-1;-1;-1;1;-1;1;-1;1;-1;1;-1;1;-1;1;-1;1;1;-1;-1;1;-1;1;-1;1;-1;1;-1;1;-1;1;-1;1;-1;-1;-1;1;-1;1;-1;1;-1;1;-1;1;-1;1;-1;1;1;-1;-1;1;-1;1;-1;1;-1;1;-1;1;-1;1;-1;1
4,precision_2_timepoints_2.coo,32,5,256,10000,false,0.419785198,0.4064426704,0.0,-20.0,-20.0,1.0,1;-1;-1;1;-1;1;-1;1;-1;1;-1;1;-1;1;-1;1;-1;-1;-1;1;-1;1;-1;1;-1;1;-1;1;-1;1;-1;1
4,precision_2_timepoints_3.coo,48,5,256,10000,false,0.41023629460000005,0.39960845680000007,0.0,-34.0,-34.0,1.0,1;-1;-1;1;-1;1;-1;1;-1;1;-1;1;-1;1;-1;1;-1;-1;-1;1;-1;1;-1;1;-1;1;-1;1;-1;1;-1;1;1;-1;-1;1;-1;1;-1;1;-1;1;-1;1;-1;1;-1;1
4,precision_2_timepoints_4.coo,64,5,256,10000,false,0.3982915336,0.3864350834,0.0,-48.0,-48.0,1.0,1;-1;-1;1;-1;1;-1;1;-1;1;-1;1;-1;1;-1;1;-1;-1;-1;1;-1;1;-1;1;-1;1;-1;1;-1;1;-1;1;1;-1;-1;1;-1;1;-1;1;-1;1;-1;1;-1;1;-1;1;-1;-1;-1;1;-1;1;-1;1;-1;1;-1;1;-1;1;-1;1
4,precision_2_timepoints_5.coo,80,5,256,10000,false,0.5006333078,0.47734681200000006,0.0,-62.0,-62.0,1.0,1;-1;-1;1;-1;1;-1;1;-1;1;-1;1;-1;1;-1;1;-1;-1;-1;1;-1;1;-1;1;-1;1;-1;1;-1;1;-1;1;1;-1;-1;1;-1;1;-1;1;-1;1;-1;1;-1;1;-1;1;-1;-1;-1;1;-1;1;-1;1;-1;1;-1;1;-1;1;-1;1;1;-1;-1;1;-1;1;-1;1;-1;1;-1;1;-1;1;-1;1
4,precision_2_timepoints_2.coo,32,5,512,1000,false,0.0318368426,0.031101604999999997,0.0,-20.0,-20.0,1.0,1;-1;-1;1;-1;1;-1;1;-1;1;-1;1;-1;1;-1;1;-1;-1;-1;1;-1;1;-1;1;-1;1;-1;1;-1;1;-1;1
4,precision_2_timepoints_3.coo,48,5,512,1000,false,0.032095197400000004,0.031355436,0.0,-34.0,-34.0,1.0,1;-1;-1;1;-1;1;-1;1;-1;1;-1;1;-1;1;-1;1;-1;-1;-1;1;-1;1;-1;1;-1;1;-1;1;-1;1;-1;1;1;-1;-1;1;-1;1;-1;1;-1;1;-1;1;-1;1;-1;1
4,precision_2_timepoints_4.coo,64,5,512,1000,false,0.030223831,0.0295390362,0.0,-48.0,-48.0,1.0,1;-1;-1;1;-1;1;-1;1;-1;1;-1;1;-1;1;-1;1;-1;-1;-1;1;-1;1;-1;1;-1;1;-1;1;-1;1;-1;1;1;-1;-1;1;-1;1;-1;1;-1;1;-1;1;-1;1;-1;1;-1;-1;-1;1;-1;1;-1;1;-1;1;-1;1;-1;1;-1;1
4,precision_2_timepoints_5.coo,80,5,512,1000,false,0.031534049200000004,0.0307661408,0.0,-62.0,-62.0,1.0,1;-1;-1;1;-1;1;-1;1;-1;1;-1;1;-1;1;-1;1;-1;-1;-1;1;-1;1;-1;1;-1;1;-1;1;-1;1;-1;1;1;-1;-1;1;-1;1;-1;1;-1;1;-1;1;-1;1;-1;1;-1;-1;-1;1;-1;1;-1;1;-1;1;-1;1;-1;1;-1;1;1;-1;-1;1;-1;1;-1;1;-1;1;-1;1;-1;1;-1;1
4,precision_2_timepoints_2.coo,32,5,512,10000,false,0.30007230960000003,0.29918955959999993,0.0,-20.0,-20.0,1.0,1;-1;-1;1;-1;1;-1;1;-1;1;-1;1;-1;1;-1;1;-1;-1;-1;1;-1;1;-1;1;-1;1;-1;1;-1;1;-1;1
4,precision_2_timepoints_3.coo,48,5,512,10000,false,0.292822456,0.2919272604,0.0,-34.0,-34.0,1.0,1;-1;-1;1;-1;1;-1;1;-1;1;-1;1;-1;1;-1;1;-1;-1;-1;1;-1;1;-1;1;-1;1;-1;1;-1;1;-1;1;1;-1;-1;1;-1;1;-1;1;-1;1;-1;1;-1;1;-1;1
4,precision_2_timepoints_4.coo,64,5,512,10000,false,0.3006384412,0.29958744719999997,0.0,-48.0,-48.0,1.0,1;-1;-1;1;-1;1;-1;1;-1;1;-1;1;-1;1;-1;1;-1;-1;-1;1;-1;1;-1;1;-1;1;-1;1;-1;1;-1;1;1;-1;-1;1;-1;1;-1;1;-1;1;-1;1;-1;1;-1;1;-1;-1;-1;1;-1;1;-1;1;-1;1;-1;1;-1;1;-1;1
4,precision_2_timepoints_5.coo,80,5,512,10000,false,0.315272106,0.314301136,0.0,-62.0,-62.0,1.0,1;-1;-1;1;-1;1;-1;1;-1;1;-1;1;-1;1;-1;1;-1;-1;-1;1;-1;1;-1;1;-1;1;-1;1;-1;1;-1;1;1;-1;-1;1;-1;1;-1;1;-1;1;-1;1;-1;1;-1;1;-1;-1;-1;1;-1;1;-1;1;-1;1;-1;1;-1;1;-1;1;1;-1;-1;1;-1;1;-1;1;-1;1;-1;1;-1;1;-1;1
4,precision_2_timepoints_2.coo,32,5,1024,1000,false,0.0394657032,0.0385847004,0.0,-20.0,-20.0,1.0,1;-1;-1;1;-1;1;-1;1;-1;1;-1;1;-1;1;-1;1;-1;-1;-1;1;-1;1;-1;1;-1;1;-1;1;-1;1;-1;1
4,precision_2_timepoints_3.coo,48,5,1024,1000,false,0.0311702492,0.030334476399999998,0.0,-34.0,-34.0,1.0,1;-1;-1;1;-1;1;-1;1;-1;1;-1;1;-1;1;-1;1;-1;-1;-1;1;-1;1;-1;1;-1;1;-1;1;-1;1;-1;1;1;-1;-1;1;-1;1;-1;1;-1;1;-1;1;-1;1;-1;1
4,precision_2_timepoints_4.coo,64,5,1024,1000,false,0.03636886860000001,0.035577788000000006,0.0,-48.0,-48.0,1.0,1;-1;-1;1;-1;1;-1;1;-1;1;-1;1;-1;1;-1;1;-1;-1;-1;1;-1;1;-1;1;-1;1;-1;1;-1;1;-1;1;1;-1;-1;1;-1;1;-1;1;-1;1;-1;1;-1;1;-1;1;-1;-1;-1;1;-1;1;-1;1;-1;1;-1;1;-1;1;-1;1
4,precision_2_timepoints_5.coo,80,5,1024,1000,false,0.04138045619999999,0.040429539,0.0,-62.0,-62.0,1.0,1;-1;-1;1;-1;1;-1;1;-1;1;-1;1;-1;1;-1;1;-1;-1;-1;1;-1;1;-1;1;-1;1;-1;1;-1;1;-1;1;1;-1;-1;1;-1;1;-1;1;-1;1;-1;1;-1;1;-1;1;-1;-1;-1;1;-1;1;-1;1;-1;1;-1;1;-1;1;-1;1;1;-1;-1;1;-1;1;-1;1;-1;1;-1;1;-1;1;-1;1
4,precision_2_timepoints_2.coo,32,5,1024,10000,false,0.296406914,0.29549668100000004,0.0,-20.0,-20.0,1.0,1;-1;-1;1;-1;1;-1;1;-1;1;-1;1;-1;1;-1;1;-1;-1;-1;1;-1;1;-1;1;-1;1;-1;1;-1;1;-1;1
4,precision_2_timepoints_3.coo,48,5,1024,10000,false,0.321715324,0.3205109684,0.0,-34.0,-34.0,1.0,1;-1;-1;1;-1;1;-1;1;-1;1;-1;1;-1;1;-1;1;-1;-1;-1;1;-1;1;-1;1;-1;1;-1;1;-1;1;-1;1;1;-1;-1;1;-1;1;-1;1;-1;1;-1;1;-1;1;-1;1
4,precision_2_timepoints_4.coo,64,5,1024,10000,false,0.3738622658,0.36701263180000004,0.0,-48.0,-48.0,1.0,1;-1;-1;1;-1;1;-1;1;-1;1;-1;1;-1;1;-1;1;-1;-1;-1;1;-1;1;-1;1;-1;1;-1;1;-1;1;-1;1;1;-1;-1;1;-1;1;-1;1;-1;1;-1;1;-1;1;-1;1;-1;-1;-1;1;-1;1;-1;1;-1;1;-1;1;-1;1;-1;1
4,precision_2_timepoints_5.coo,80,5,1024,10000,false,0.401018968,0.3867866266,0.0,-62.0,-62.0,1.0,1;-1;-1;1;-1;1;-1;1;-1;1;-1;1;-1;1;-1;1;-1;-1;-1;1;-1;1;-1;1;-1;1;-1;1;-1;1;-1;1;1;-1;-1;1;-1;1;-1;1;-1;1;-1;1;-1;1;-1;1;-1;-1;-1;1;-1;1;-1;1;-1;1;-1;1;-1;1;-1;1;1;-1;-1;1;-1;1;-1;1;-1;1;-1;1;-1;1;-1;1
4,precision_2_timepoints_2.coo,32,5,2048,1000,false,0.0434964362,0.0329793464,0.0,-20.0,-20.0,1.0,1;-1;-1;1;-1;1;-1;1;-1;1;-1;1;-1;1;-1;1;-1;-1;-1;1;-1;1;-1;1;-1;1;-1;1;-1;1;-1;1
4,precision_2_timepoints_3.coo,48,5,2048,1000,false,0.0364641042,0.026796992799999995,0.0,-34.0,-34.0,1.0,1;-1;-1;1;-1;1;-1;1;-1;1;-1;1;-1;1;-1;1;-1;-1;-1;1;-1;1;-1;1;-1;1;-1;1;-1;1;-1;1;1;-1;-1;1;-1;1;-1;1;-1;1;-1;1;-1;1;-1;1
4,precision_2_timepoints_4.coo,64,5,2048,1000,false,0.0369386958,0.027671396000000004,0.0,-48.0,-48.0,1.0,1;-1;-1;1;-1;1;-1;1;-1;1;-1;1;-1;1;-1;1;-1;-1;-1;1;-1;1;-1;1;-1;1;-1;1;-1;1;-1;1;1;-1;-1;1;-1;1;-1;1;-1;1;-1;1;-1;1;-1;1;-1;-1;-1;1;-1;1;-1;1;-1;1;-1;1;-1;1;-1;1
4,precision_2_timepoints_5.coo,80,5,2048,1000,false,0.036656794799999996,0.026548205399999997,0.0,-62.0,-62.0,1.0,1;-1;-1;1;-1;1;-1;1;-1;1;-1;1;-1;1;-1;1;-1;-1;-1;1;-1;1;-1;1;-1;1;-1;1;-1;1;-1;1;1;-1;-1;1;-1;1;-1;1;-1;1;-1;1;-1;1;-1;1;-1;-1;-1;1;-1;1;-1;1;-1;1;-1;1;-1;1;-1;1;1;-1;-1;1;-1;1;-1;1;-1;1;-1;1;-1;1;-1;1
4,precision_2_timepoints_2.coo,32,5,2048,10000,false,0.4572175298,0.4467022302,0.0,-20.0,-20.0,1.0,1;-1;-1;1;-1;1;-1;1;-1;1;-1;1;-1;1;-1;1;-1;-1;-1;1;-1;1;-1;1;-1;1;-1;1;-1;1;-1;1
4,precision_2_timepoints_3.coo,48,5,2048,10000,false,0.47925473900000004,0.46625063520000004,0.0,-34.0,-34.0,1.0,1;-1;-1;1;-1;1;-1;1;-1;1;-1;1;-1;1;-1;1;-1;-1;-1;1;-1;1;-1;1;-1;1;-1;1;-1;1;-1;1;1;-1;-1;1;-1;1;-1;1;-1;1;-1;1;-1;1;-1;1
4,precision_2_timepoints_4.coo,64,5,2048,10000,false,0.4507118942,0.43904322799999995,0.0,-48.0,-48.0,1.0,1;-1;-1;1;-1;1;-1;1;-1;1;-1;1;-1;1;-1;1;-1;-1;-1;1;-1;1;-1;1;-1;1;-1;1;-1;1;-1;1;1;-1;-1;1;-1;1;-1;1;-1;1;-1;1;-1;1;-1;1;-1;-1;-1;1;-1;1;-1;1;-1;1;-1;1;-1;1;-1;1
4,precision_2_timepoints_5.coo,80,5,2048,10000,false,0.4415864976,0.4251963972,0.0,-62.0,-62.0,1.0,1;-1;-1;1;-1;1;-1;1;-1;1;-1;1;-1;1;-1;1;-1;-1;-1;1;-1;1;-1;1;-1;1;-1;1;-1;1;-1;1;1;-1;-1;1;-1;1;-1;1;-1;1;-1;1;-1;1;-1;1;-1;-1;-1;1;-1;1;-1;1;-1;1;-1;1;-1;1;-1;1;1;-1;-1;1;-1;1;-1;1;-1;1;-1;1;-1;1;-1;1
4,precision_2_timepoints_2.coo,32,5,4096,1000,false,0.0474780908,0.0309694976,0.0,-20.0,-20.0,1.0,1;-1;-1;1;-1;1;-1;1;-1;1;-1;1;-1;1;-1;1;-1;-1;-1;1;-1;1;-1;1;-1;1;-1;1;-1;1;-1;1
4,precision_2_timepoints_3.coo,48,5,4096,1000,false,0.0487139202,0.030421011199999997,0.0,-34.0,-34.0,1.0,1;-1;-1;1;-1;1;-1;1;-1;1;-1;1;-1;1;-1;1;-1;-1;-1;1;-1;1;-1;1;-1;1;-1;1;-1;1;-1;1;1;-1;-1;1;-1;1;-1;1;-1;1;-1;1;-1;1;-1;1
4,precision_2_timepoints_4.coo,64,5,4096,1000,false,0.0494621668,0.030854599,0.0,-48.0,-48.0,1.0,1;-1;-1;1;-1;1;-1;1;-1;1;-1;1;-1;1;-1;1;-1;-1;-1;1;-1;1;-1;1;-1;1;-1;1;-1;1;-1;1;1;-1;-1;1;-1;1;-1;1;-1;1;-1;1;-1;1;-1;1;-1;-1;-1;1;-1;1;-1;1;-1;1;-1;1;-1;1;-1;1
4,precision_2_timepoints_5.coo,80,5,4096,1000,false,0.05052036559999999,0.0317960428,0.0,-62.0,-62.0,1.0,1;-1;-1;1;-1;1;-1;1;-1;1;-1;1;-1;1;-1;1;-1;-1;-1;1;-1;1;-1;1;-1;1;-1;1;-1;1;-1;1;1;-1;-1;1;-1;1;-1;1;-1;1;-1;1;-1;1;-1;1;-1;-1;-1;1;-1;1;-1;1;-1;1;-1;1;-1;1;-1;1;1;-1;-1;1;-1;1;-1;1;-1;1;-1;1;-1;1;-1;1
4,precision_2_timepoints_2.coo,32,5,4096,10000,false,0.4802189824,0.46459109200000004,0.0,-20.0,-20.0,1.0,1;-1;-1;1;-1;1;-1;1;-1;1;-1;1;-1;1;-1;1;-1;-1;-1;1;-1;1;-1;1;-1;1;-1;1;-1;1;-1;1
4,precision_2_timepoints_3.coo,48,5,4096,10000,false,0.46322632280000003,0.4410106,0.0,-34.0,-34.0,1.0,1;-1;-1;1;-1;1;-1;1;-1;1;-1;1;-1;1;-1;1;-1;-1;-1;1;-1;1;-1;1;-1;1;-1;1;-1;1;-1;1;1;-1;-1;1;-1;1;-1;1;-1;1;-1;1;-1;1;-1;1
4,precision_2_timepoints_4.coo,64,5,4096,10000,false,0.39356891800000005,0.38474089859999994,0.0,-48.0,-48.0,1.0,1;-1;-1;1;-1;1;-1;1;-1;1;-1;1;-1;1;-1;1;-1;-1;-1;1;-1;1;-1;1;-1;1;-1;1;-1;1;-1;1;1;-1;-1;1;-1;1;-1;1;-1;1;-1;1;-1;1;-1;1;-1;-1;-1;1;-1;1;-1;1;-1;1;-1;1;-1;1;-1;1
4,precision_2_timepoints_5.coo,80,5,4096,10000,false,0.4037794472,0.3944314474,0.0,-62.0,-62.0,1.0,1;-1;-1;1;-1;1;-1;1;-1;1;-1;1;-1;1;-1;1;-1;-1;-1;1;-1;1;-1;1;-1;1;-1;1;-1;1;-1;1;1;-1;-1;1;-1;1;-1;1;-1;1;-1;1;-1;1;-1;1;-1;-1;-1;1;-1;1;-1;1;-1;1;-1;1;-1;1;-1;1;1;-1;-1;1;-1;1;-1;1;-1;1;-1;1;-1;1;-1;1
4,precision_2_timepoints_2.coo,32,5,8192,1000,false,0.0611778252,0.044689219399999994,0.0,-20.0,-20.0,1.0,1;-1;-1;1;-1;1;-1;1;-1;1;-1;1;-1;1;-1;1;-1;-1;-1;1;-1;1;-1;1;-1;1;-1;1;-1;1;-1;1
4,precision_2_timepoints_3.coo,48,5,8192,1000,false,0.06230026420000001,0.0483324402,0.0,-34.0,-34.0,1.0,1;-1;-1;1;-1;1;-1;1;-1;1;-1;1;-1;1;-1;1;-1;-1;-1;1;-1;1;-1;1;-1;1;-1;1;-1;1;-1;1;1;-1;-1;1;-1;1;-1;1;-1;1;-1;1;-1;1;-1;1
4,precision_2_timepoints_4.coo,64,5,8192,1000,false,0.0652295046,0.0473833872,0.0,-48.0,-48.0,1.0,1;-1;-1;1;-1;1;-1;1;-1;1;-1;1;-1;1;-1;1;-1;-1;-1;1;-1;1;-1;1;-1;1;-1;1;-1;1;-1;1;1;-1;-1;1;-1;1;-1;1;-1;1;-1;1;-1;1;-1;1;-1;-1;-1;1;-1;1;-1;1;-1;1;-1;1;-1;1;-1;1
4,precision_2_timepoints_5.coo,80,5,8192,1000,false,0.0709309382,0.0546607294,0.0,-62.0,-62.0,1.0,1;-1;-1;1;-1;1;-1;1;-1;1;-1;1;-1;1;-1;1;-1;-1;-1;1;-1;1;-1;1;-1;1;-1;1;-1;1;-1;1;1;-1;-1;1;-1;1;-1;1;-1;1;-1;1;-1;1;-1;1;-1;-1;-1;1;-1;1;-1;1;-1;1;-1;1;-1;1;-1;1;1;-1;-1;1;-1;1;-1;1;-1;1;-1;1;-1;1;-1;1
4,precision_2_timepoints_2.coo,32,5,8192,10000,false,0.577433816,0.564447226,0.0,-20.0,-20.0,1.0,1;-1;-1;1;-1;1;-1;1;-1;1;-1;1;-1;1;-1;1;-1;-1;-1;1;-1;1;-1;1;-1;1;-1;1;-1;1;-1;1
4,precision_2_timepoints_3.coo,48,5,8192,10000,false,0.6094571872,0.5980625933999999,0.0,-34.0,-34.0,1.0,1;-1;-1;1;-1;1;-1;1;-1;1;-1;1;-1;1;-1;1;-1;-1;-1;1;-1;1;-1;1;-1;1;-1;1;-1;1;-1;1;1;-1;-1;1;-1;1;-1;1;-1;1;-1;1;-1;1;-1;1
4,precision_2_timepoints_4.coo,64,5,8192,10000,false,0.6214137972,0.602951902,0.0,-48.0,-48.0,1.0,1;-1;-1;1;-1;1;-1;1;-1;1;-1;1;-1;1;-1;1;-1;-1;-1;1;-1;1;-1;1;-1;1;-1;1;-1;1;-1;1;1;-1;-1;1;-1;1;-1;1;-1;1;-1;1;-1;1;-1;1;-1;-1;-1;1;-1;1;-1;1;-1;1;-1;1;-1;1;-1;1
4,precision_2_timepoints_5.coo,80,5,8192,10000,false,0.6789762996,0.6562191636,0.0,-62.0,-62.0,1.0,1;-1;-1;1;-1;1;-1;1;-1;1;-1;1;-1;1;-1;1;-1;-1;-1;1;-1;1;-1;1;-1;1;-1;1;-1;1;-1;1;1;-1;-1;1;-1;1;-1;1;-1;1;-1;1;-1;1;-1;1;-1;-1;-1;1;-1;1;-1;1;-1;1;-1;1;-1;1;-1;1;1;-1;-1;1;-1;1;-1;1;-1;1;-1;1;-1;1;-1;1
4,precision_2_timepoints_2.coo,32,5,16384,1000,false,0.11364255720000001,0.0816286636,0.0,-20.0,-20.0,1.0,1;-1;-1;1;-1;1;-1;1;-1;1;-1;1;-1;1;-1;1;-1;-1;-1;1;-1;1;-1;1;-1;1;-1;1;-1;1;-1;1
4,precision_2_timepoints_3.coo,48,5,16384,1000,false,0.1778578768,0.13314389499999998,0.0,-34.0,-34.0,1.0,1;-1;-1;1;-1;1;-1;1;-1;1;-1;1;-1;1;-1;1;-1;-1;-1;1;-1;1;-1;1;-1;1;-1;1;-1;1;-1;1;1;-1;-1;1;-1;1;-1;1;-1;1;-1;1;-1;1;-1;1
4,precision_2_timepoints_4.coo,64,5,16384,1000,false,0.1369005492,0.10589139519999999,0.0,-48.0,-48.0,1.0,1;-1;-1;1;-1;1;-1;1;-1;1;-1;1;-1;1;-1;1;-1;-1;-1;1;-1;1;-1;1;-1;1;-1;1;-1;1;-1;1;1;-1;-1;1;-1;1;-1;1;-1;1;-1;1;-1;1;-1;1;-1;-1;-1;1;-1;1;-1;1;-1;1;-1;1;-1;1;-1;1
4,precision_2_timepoints_5.coo,80,5,16384,1000,false,0.1421205078,0.108640998,0.0,-62.0,-62.0,1.0,1;-1;-1;1;-1;1;-1;1;-1;1;-1;1;-1;1;-1;1;-1;-1;-1;1;-1;1;-1;1;-1;1;-1;1;-1;1;-1;1;1;-1;-1;1;-1;1;-1;1;-1;1;-1;1;-1;1;-1;1;-1;-1;-1;1;-1;1;-1;1;-1;1;-1;1;-1;1;-1;1;1;-1;-1;1;-1;1;-1;1;-1;1;-1;1;-1;1;-1;1
4,precision_2_timepoints_2.coo,32,5,16384,10000,false,1.0316875714,1.0088532936,0.0,-20.0,-20.0,1.0,1;-1;-1;1;-1;1;-1;1;-1;1;-1;1;-1;1;-1;1;-1;-1;-1;1;-1;1;-1;1;-1;1;-1;1;-1;1;-1;1
4,precision_2_timepoints_3.coo,48,5,16384,10000,false,1.2330806928000002,1.2053658146,0.0,-34.0,-34.0,1.0,1;-1;-1;1;-1;1;-1;1;-1;1;-1;1;-1;1;-1;1;-1;-1;-1;1;-1;1;-1;1;-1;1;-1;1;-1;1;-1;1;1;-1;-1;1;-1;1;-1;1;-1;1;-1;1;-1;1;-1;1
4,precision_2_timepoints_4.coo,64,5,16384,10000,false,1.3442260152,1.3137199908000001,0.0,-48.0,-48.0,1.0,1;-1;-1;1;-1;1;-1;1;-1;1;-1;1;-1;1;-1;1;-1;-1;-1;1;-1;1;-1;1;-1;1;-1;1;-1;1;-1;1;1;-1;-1;1;-1;1;-1;1;-1;1;-1;1;-1;1;-1;1;-1;-1;-1;1;-1;1;-1;1;-1;1;-1;1;-1;1;-1;1
4,precision_2_timepoints_5.coo,80,5,16384,10000,false,1.4077023633999999,1.3755444568000001,0.0,-62.0,-62.0,1.0,1;-1;-1;1;-1;1;-1;1;-1;1;-1;1;-1;1;-1;1;-1;-1;-1;1;-1;1;-1;1;-1;1;-1;1;-1;1;-1;1;1;-1;-1;1;-1;1;-1;1;-1;1;-1;1;-1;1;-1;1;-1;-1;-1;1;-1;1;-1;1;-1;1;-1;1;-1;1;-1;1;1;-1;-1;1;-1;1;-1;1;-1;1;-1;1;-1;1;-1;1
4,precision_2_timepoints_2.coo,32,5,32768,1000,false,0.24232389420000003,0.1889285872,0.0,-20.0,-20.0,1.0,1;-1;-1;1;-1;1;-1;1;-1;1;-1;1;-1;1;-1;1;-1;-1;-1;1;-1;1;-1;1;-1;1;-1;1;-1;1;-1;1
4,precision_2_timepoints_3.coo,48,5,32768,1000,false,0.2636925596,0.2074139686,0.0,-34.0,-34.0,1.0,1;-1;-1;1;-1;1;-1;1;-1;1;-1;1;-1;1;-1;1;-1;-1;-1;1;-1;1;-1;1;-1;1;-1;1;-1;1;-1;1;1;-1;-1;1;-1;1;-1;1;-1;1;-1;1;-1;1;-1;1
4,precision_2_timepoints_4.coo,64,5,32768,1000,false,0.2651955876,0.2031616218,0.0,-48.0,-48.0,1.0,1;-1;-1;1;-1;1;-1;1;-1;1;-1;1;-1;1;-1;1;-1;-1;-1;1;-1;1;-1;1;-1;1;-1;1;-1;1;-1;1;1;-1;-1;1;-1;1;-1;1;-1;1;-1;1;-1;1;-1;1;-1;-1;-1;1;-1;1;-1;1;-1;1;-1;1;-1;1;-1;1
4,precision_2_timepoints_5.coo,80,5,32768,1000,false,0.26617379799999996,0.20412479779999998,0.0,-62.0,-62.0,1.0,1;-1;-1;1;-1;1;-1;1;-1;1;-1;1;-1;1;-1;1;-1;-1;-1;1;-1;1;-1;1;-1;1;-1;1;-1;1;-1;1;1;-1;-1;1;-1;1;-1;1;-1;1;-1;1;-1;1;-1;1;-1;-1;-1;1;-1;1;-1;1;-1;1;-1;1;-1;1;-1;1;1;-1;-1;1;-1;1;-1;1;-1;1;-1;1;-1;1;-1;1
4,precision_2_timepoints_2.coo,32,5,32768,10000,false,2.3978696692,2.3424642948,0.0,-20.0,-20.0,1.0,1;-1;-1;1;-1;1;-1;1;-1;1;-1;1;-1;1;-1;1;-1;-1;-1;1;-1;1;-1;1;-1;1;-1;1;-1;1;-1;1
4,precision_2_timepoints_3.coo,48,5,32768,10000,false,2.5661787538,2.5066486398000003,0.0,-34.0,-34.0,1.0,1;-1;-1;1;-1;1;-1;1;-1;1;-1;1;-1;1;-1;1;-1;-1;-1;1;-1;1;-1;1;-1;1;-1;1;-1;1;-1;1;1;-1;-1;1;-1;1;-1;1;-1;1;-1;1;-1;1;-1;1
4,precision_2_timepoints_4.coo,64,5,32768,10000,false,2.6475455511999995,2.5665546069999996,0.0,-48.0,-48.0,1.0,1;-1;-1;1;-1;1;-1;1;-1;1;-1;1;-1;1;-1;1;-1;-1;-1;1;-1;1;-1;1;-1;1;-1;1;-1;1;-1;1;1;-1;-1;1;-1;1;-1;1;-1;1;-1;1;-1;1;-1;1;-1;-1;-1;1;-1;1;-1;1;-1;1;-1;1;-1;1;-1;1
4,precision_2_timepoints_5.coo,80,5,32768,10000,false,2.6328519550000005,2.5692360864,0.0,-62.0,-62.0,1.0,1;-1;-1;1;-1;1;-1;1;-1;1;-1;1;-1;1;-1;1;-1;-1;-1;1;-1;1;-1;1;-1;1;-1;1;-1;1;-1;1;1;-1;-1;1;-1;1;-1;1;-1;1;-1;1;-1;1;-1;1;-1;-1;-1;1;-1;1;-1;1;-1;1;-1;1;-1;1;-1;1;1;-1;-1;1;-1;1;-1;1;-1;1;-1;1;-1;1;-1;1
4,precision_2_timepoints_2.coo,32,5,65536,1000,false,0.4809703998,0.37660306720000003,0.0,-20.0,-20.0,1.0,1;-1;-1;1;-1;1;-1;1;-1;1;-1;1;-1;1;-1;1;-1;-1;-1;1;-1;1;-1;1;-1;1;-1;1;-1;1;-1;1
4,precision_2_timepoints_3.coo,48,5,65536,1000,false,0.5133773963999999,0.3983460816,0.0,-34.0,-34.0,1.0,1;-1;-1;1;-1;1;-1;1;-1;1;-1;1;-1;1;-1;1;-1;-1;-1;1;-1;1;-1;1;-1;1;-1;1;-1;1;-1;1;1;-1;-1;1;-1;1;-1;1;-1;1;-1;1;-1;1;-1;1
4,precision_2_timepoints_4.coo,64,5,65536,1000,false,0.5286360732000001,0.4044176868,0.0,-48.0,-48.0,1.0,1;-1;-1;1;-1;1;-1;1;-1;1;-1;1;-1;1;-1;1;-1;-1;-1;1;-1;1;-1;1;-1;1;-1;1;-1;1;-1;1;1;-1;-1;1;-1;1;-1;1;-1;1;-1;1;-1;1;-1;1;-1;-1;-1;1;-1;1;-1;1;-1;1;-1;1;-1;1;-1;1
4,precision_2_timepoints_5.coo,80,5,65536,1000,false,0.511086699,0.391785,0.0,-62.0,-62.0,1.0,1;-1;-1;1;-1;1;-1;1;-1;1;-1;1;-1;1;-1;1;-1;-1;-1;1;-1;1;-1;1;-1;1;-1;1;-1;1;-1;1;1;-1;-1;1;-1;1;-1;1;-1;1;-1;1;-1;1;-1;1;-1;-1;-1;1;-1;1;-1;1;-1;1;-1;1;-1;1;-1;1;1;-1;-1;1;-1;1;-1;1;-1;1;-1;1;-1;1;-1;1
4,precision_2_timepoints_2.coo,32,5,65536,10000,false,4.7637208298000004,4.6586574142,0.0,-20.0,-20.0,1.0,1;-1;-1;1;-1;1;-1;1;-1;1;-1;1;-1;1;-1;1;-1;-1;-1;1;-1;1;-1;1;-1;1;-1;1;-1;1;-1;1
4,precision_2_timepoints_3.coo,48,5,65536,10000,false,5.0551201406,4.942805387,0.0,-34.0,-34.0,1.0,1;-1;-1;1;-1;1;-1;1;-1;1;-1;1;-1;1;-1;1;-1;-1;-1;1;-1;1;-1;1;-1;1;-1;1;-1;1;-1;1;1;-1;-1;1;-1;1;-1;1;-1;1;-1;1;-1;1;-1;1
4,precision_2_timepoints_4.coo,64,5,65536,10000,false,5.1601223062,5.0375022806,0.0,-48.0,-48.0,1.0,1;-1;-1;1;-1;1;-1;1;-1;1;-1;1;-1;1;-1;1;-1;-1;-1;1;-1;1;-1;1;-1;1;-1;1;-1;1;-1;1;1;-1;-1;1;-1;1;-1;1;-1;1;-1;1;-1;1;-1;1;-1;-1;-1;1;-1;1;-1;1;-1;1;-1;1;-1;1;-1;1
4,precision_2_timepoints_5.coo,80,5,65536,10000,false,5.023001825,4.888754507,0.0,-62.0,-62.0,1.0,1;-1;-1;1;-1;1;-1;1;-1;1;-1;1;-1;1;-1;1;-1;-1;-1;1;-1;1;-1;1;-1;1;-1;1;-1;1;-1;1;1;-1;-1;1;-1;1;-1;1;-1;1;-1;1;-1;1;-1;1;-1;-1;-1;1;-1;1;-1;1;-1;1;-1;1;-1;1;-1;1;1;-1;-1;1;-1;1;-1;1;-1;1;-1;1;-1;1;-1;1
4,precision_2_timepoints_2.coo,32,5,131072,1000,false,0.9566443906,0.7479341132,0.0,-20.0,-20.0,1.0,1;-1;-1;1;-1;1;-1;1;-1;1;-1;1;-1;1;-1;1;-1;-1;-1;1;-1;1;-1;1;-1;1;-1;1;-1;1;-1;1
4,precision_2_timepoints_3.coo,48,5,131072,1000,false,1.0052400414,0.7846901958,0.0,-34.0,-34.0,1.0,1;-1;-1;1;-1;1;-1;1;-1;1;-1;1;-1;1;-1;1;-1;-1;-1;1;-1;1;-1;1;-1;1;-1;1;-1;1;-1;1;1;-1;-1;1;-1;1;-1;1;-1;1;-1;1;-1;1;-1;1
4,precision_2_timepoints_4.coo,64,5,131072,1000,false,1.026565332,0.7976766564,0.0,-48.0,-48.0,1.0,1;-1;-1;1;-1;1;-1;1;-1;1;-1;1;-1;1;-1;1;-1;-1;-1;1;-1;1;-1;1;-1;1;-1;1;-1;1;-1;1;1;-1;-1;1;-1;1;-1;1;-1;1;-1;1;-1;1;-1;1;-1;-1;-1;1;-1;1;-1;1;-1;1;-1;1;-1;1;-1;1
4,precision_2_timepoints_5.coo,80,5,131072,1000,false,0.9875318496000001,0.7447458414000001,0.0,-62.0,-62.0,1.0,1;-1;-1;1;-1;1;-1;1;-1;1;-1;1;-1;1;-1;1;-1;-1;-1;1;-1;1;-1;1;-1;1;-1;1;-1;1;-1;1;1;-1;-1;1;-1;1;-1;1;-1;1;-1;1;-1;1;-1;1;-1;-1;-1;1;-1;1;-1;1;-1;1;-1;1;-1;1;-1;1;1;-1;-1;1;-1;1;-1;1;-1;1;-1;1;-1;1;-1;1
4,precision_2_timepoints_2.coo,32,5,131072,10000,false,9.358082083000001,9.1529466412,0.0,-20.0,-20.0,1.0,1;-1;-1;1;-1;1;-1;1;-1;1;-1;1;-1;1;-1;1;-1;-1;-1;1;-1;1;-1;1;-1;1;-1;1;-1;1;-1;1
4,precision_2_timepoints_3.coo,48,5,131072,10000,false,9.9245806532,9.6842082552,0.0,-34.0,-34.0,1.0,1;-1;-1;1;-1;1;-1;1;-1;1;-1;1;-1;1;-1;1;-1;-1;-1;1;-1;1;-1;1;-1;1;-1;1;-1;1;-1;1;1;-1;-1;1;-1;1;-1;1;-1;1;-1;1;-1;1;-1;1
4,precision_2_timepoints_4.coo,64,5,131072,10000,false,10.1144393614,9.88268303,0.0,-48.0,-48.0,1.0,1;-1;-1;1;-1;1;-1;1;-1;1;-1;1;-1;1;-1;1;-1;-1;-1;1;-1;1;-1;1;-1;1;-1;1;-1;1;-1;1;1;-1;-1;1;-1;1;-1;1;-1;1;-1;1;-1;1;-1;1;-1;-1;-1;1;-1;1;-1;1;-1;1;-1;1;-1;1;-1;1
4,precision_2_timepoints_5.coo,80,5,131072,10000,false,9.501245786800002,9.2640598192,0.0,-62.0,-62.0,1.0,1;-1;-1;1;-1;1;-1;1;-1;1;-1;1;-1;1;-1;1;-1;-1;-1;1;-1;1;-1;1;-1;1;-1;1;-1;1;-1;1;1;-1;-1;1;-1;1;-1;1;-1;1;-1;1;-1;1;-1;1;-1;-1;-1;1;-1;1;-1;1;-1;1;-1;1;-1;1;-1;1;1;-1;-1;1;-1;1;-1;1;-1;1;-1;1;-1;1;-1;1
4,precision_2_timepoints_2.coo,32,5,262144,1000,false,1.9094069400000002,1.4964117676000002,0.0,-20.0,-20.0,1.0,1;-1;-1;1;-1;1;-1;1;-1;1;-1;1;-1;1;-1;1;-1;-1;-1;1;-1;1;-1;1;-1;1;-1;1;-1;1;-1;1
4,precision_2_timepoints_3.coo,48,5,262144,1000,false,2.02639312,1.5557937065999998,0.0,-34.0,-34.0,1.0,1;-1;-1;1;-1;1;-1;1;-1;1;-1;1;-1;1;-1;1;-1;-1;-1;1;-1;1;-1;1;-1;1;-1;1;-1;1;-1;1;1;-1;-1;1;-1;1;-1;1;-1;1;-1;1;-1;1;-1;1
4,precision_2_timepoints_4.coo,64,5,262144,1000,false,2.075250248,1.5793469024,0.0,-48.0,-48.0,1.0,1;-1;-1;1;-1;1;-1;1;-1;1;-1;1;-1;1;-1;1;-1;-1;-1;1;-1;1;-1;1;-1;1;-1;1;-1;1;-1;1;1;-1;-1;1;-1;1;-1;1;-1;1;-1;1;-1;1;-1;1;-1;-1;-1;1;-1;1;-1;1;-1;1;-1;1;-1;1;-1;1
4,precision_2_timepoints_5.coo,80,5,262144,1000,false,1.8884709184000001,1.4398245038,0.0,-62.0,-62.0,1.0,1;-1;-1;1;-1;1;-1;1;-1;1;-1;1;-1;1;-1;1;-1;-1;-1;1;-1;1;-1;1;-1;1;-1;1;-1;1;-1;1;1;-1;-1;1;-1;1;-1;1;-1;1;-1;1;-1;1;-1;1;-1;-1;-1;1;-1;1;-1;1;-1;1;-1;1;-1;1;-1;1;1;-1;-1;1;-1;1;-1;1;-1;1;-1;1;-1;1;-1;1
4,precision_2_timepoints_2.coo,32,5,262144,10000,false,18.7064781786,18.2697813084,0.0,-20.0,-20.0,1.0,1;-1;-1;1;-1;1;-1;1;-1;1;-1;1;-1;1;-1;1;-1;-1;-1;1;-1;1;-1;1;-1;1;-1;1;-1;1;-1;1
4,precision_2_timepoints_3.coo,48,5,262144,10000,false,19.8335515294,19.3936986514,0.0,-34.0,-34.0,1.0,1;-1;-1;1;-1;1;-1;1;-1;1;-1;1;-1;1;-1;1;-1;-1;-1;1;-1;1;-1;1;-1;1;-1;1;-1;1;-1;1;1;-1;-1;1;-1;1;-1;1;-1;1;-1;1;-1;1;-1;1
4,precision_2_timepoints_4.coo,64,5,262144,10000,false,20.1090013902,19.6250113704,0.0,-48.0,-48.0,1.0,1;-1;-1;1;-1;1;-1;1;-1;1;-1;1;-1;1;-1;1;-1;-1;-1;1;-1;1;-1;1;-1;1;-1;1;-1;1;-1;1;1;-1;-1;1;-1;1;-1;1;-1;1;-1;1;-1;1;-1;1;-1;-1;-1;1;-1;1;-1;1;-1;1;-1;1;-1;1;-1;1
4,precision_2_timepoints_5.coo,80,5,262144,10000,false,18.5455001078,18.101799979,0.0,-62.0,-62.0,1.0,1;-1;-1;1;-1;1;-1;1;-1;1;-1;1;-1;1;-1;1;-1;-1;-1;1;-1;1;-1;1;-1;1;-1;1;-1;1;-1;1;1;-1;-1;1;-1;1;-1;1;-1;1;-1;1;-1;1;-1;1;-1;-1;-1;1;-1;1;-1;1;-1;1;-1;1;-1;1;-1;1;1;-1;-1;1;-1;1;-1;1;-1;1;-1;1;-1;1;-1;1
