type,instance,num_var,num_rep,num_steps,compress,runtime,gap,best_energy,gnd_energy,success_prob,best_solution
2,precision_2_timepoints_2.coo,16,8,1000,false,0.992406426,0.0,-46.0,-46.0,12.5,1;-1;-1;1;-1;1;-1;1;-1;-1;-1;1;-1;1;-1;1
2,precision_2_timepoints_3.coo,24,8,1000,false,0.026134974,0.0,-92.0,-92.0,25.0,1;-1;-1;1;-1;1;-1;1;-1;-1;-1;1;-1;1;-1;1;1;-1;-1;1;-1;1;-1;1
2,precision_2_timepoints_4.coo,32,8,1000,false,0.029229257,0.7246376811594203,-137.0,-138.0,0.0,-1;1;-1;1;-1;1;-1;1;-1;1;-1;1;-1;1;-1;1;-1;1;-1;1;-1;1;-1;1;-1;1;-1;1;-1;1;-1;1
2,precision_2_timepoints_5.coo,40,8,1000,false,0.036786804,1.6304347826086956,-181.0,-184.0,0.0,1;-1;-1;-1;-1;1;-1;1;-1;-1;1;-1;-1;1;-1;1;1;-1;-1;-1;-1;1;-1;1;-1;-1;1;-1;-1;1;-1;1;1;1;-1;-1;-1;1;-1;1
2,precision_2_timepoints_2.coo,16,8,10000,false,0.308640418,0.0,-46.0,-46.0,12.5,1;-1;-1;1;-1;1;-1;1;-1;-1;-1;1;-1;1;-1;1
2,precision_2_timepoints_3.coo,24,8,10000,false,0.315375327,1.0869565217391304,-91.0,-92.0,0.0,1;-1;1;-1;-1;1;-1;1;-1;-1;-1;-1;-1;1;-1;1;1;-1;1;-1;-1;1;-1;1
2,precision_2_timepoints_4.coo,32,8,10000,false,0.303011228,0.7246376811594203,-137.0,-138.0,0.0,1;-1;-1;1;-1;1;-1;-1;-1;-1;-1;1;-1;1;1;-1;1;-1;-1;1;-1;1;-1;-1;-1;-1;-1;1;-1;1;1;-1
2,precision_2_timepoints_5.coo,40,8,10000,false,0.30693007,2.1739130434782608,-180.0,-184.0,0.0,-1;1;-1;-1;-1;1;-1;1;-1;1;1;-1;-1;1;-1;1;-1;1;-1;-1;-1;1;-1;1;-1;1;1;-1;1;-1;-1;1;-1;1;-1;-1;-1;-1;-1;1
2,precision_2_timepoints_2.coo,16,16,1000,false,0.035211866,0.0,-46.0,-46.0,50.0,1;-1;-1;1;-1;1;-1;1;-1;-1;-1;1;-1;1;-1;1
2,precision_2_timepoints_3.coo,24,16,1000,false,0.032286392,0.0,-92.0,-92.0,12.5,1;-1;-1;1;-1;1;-1;1;-1;-1;-1;1;-1;1;-1;1;1;-1;-1;1;-1;1;-1;1
2,precision_2_timepoints_4.coo,32,16,1000,false,0.030871718,0.0,-138.0,-138.0,6.25,1;-1;-1;1;-1;1;-1;1;-1;-1;-1;1;-1;1;-1;1;1;-1;-1;1;-1;1;-1;1;-1;-1;-1;1;-1;1;-1;1
2,precision_2_timepoints_5.coo,40,16,1000,false,0.032952773,1.0869565217391304,-182.0,-184.0,0.0,1;-1;-1;1;-1;1;-1;1;-1;-1;-1;1;-1;1;-1;1;-1;1;-1;1;-1;1;-1;1;-1;1;-1;1;-1;1;-1;1;-1;1;-1;1;-1;1;-1;1
2,precision_2_timepoints_2.coo,16,16,10000,false,0.307593797,2.1739130434782608,-45.0,-46.0,0.0,1;-1;1;-1;-1;1;-1;1;-1;-1;-1;-1;-1;1;-1;1
2,precision_2_timepoints_3.coo,24,16,10000,false,0.291739234,1.0869565217391304,-91.0,-92.0,0.0,1;-1;-1;-1;-1;1;-1;1;-1;-1;1;-1;-1;1;-1;1;1;-1;-1;-1;-1;1;-1;1
2,precision_2_timepoints_4.coo,32,16,10000,false,0.299606183,0.0,-138.0,-138.0,12.5,1;-1;-1;1;-1;1;-1;1;-1;-1;-1;1;-1;1;-1;1;1;-1;-1;1;-1;1;-1;1;-1;-1;-1;1;-1;1;-1;1
2,precision_2_timepoints_5.coo,40,16,10000,false,0.30795668,1.0869565217391304,-182.0,-184.0,0.0,1;-1;-1;-1;1;-1;-1;1;-1;-1;1;-1;-1;-1;-1;1;1;-1;-1;-1;1;-1;-1;1;-1;-1;1;-1;-1;-1;-1;1;1;-1;-1;-1;1;-1;-1;1
2,precision_2_timepoints_2.coo,16,32,1000,false,0.036908662,0.0,-46.0,-46.0,37.5,1;-1;-1;1;-1;1;-1;1;-1;-1;-1;1;-1;1;-1;1
2,precision_2_timepoints_3.coo,24,32,1000,false,0.026425415,0.0,-92.0,-92.0,9.375,1;-1;-1;1;-1;1;-1;1;-1;-1;-1;1;-1;1;-1;1;1;-1;-1;1;-1;1;-1;1
2,precision_2_timepoints_4.coo,32,32,1000,false,0.034721224,0.0,-138.0,-138.0,3.125,1;-1;-1;1;-1;1;-1;1;-1;-1;-1;1;-1;1;-1;1;1;-1;-1;1;-1;1;-1;1;-1;-1;-1;1;-1;1;-1;1
2,precision_2_timepoints_5.coo,40,32,1000,false,0.033273467,0.0,-184.0,-184.0,3.125,1;-1;-1;1;-1;1;-1;1;-1;-1;-1;1;-1;1;-1;1;1;-1;-1;1;-1;1;-1;1;-1;-1;-1;1;-1;1;-1;1;1;-1;-1;1;-1;1;-1;1
2,precision_2_timepoints_2.coo,16,32,10000,false,0.30090463,0.0,-46.0,-46.0,21.875,1;-1;-1;1;-1;1;-1;1;-1;-1;-1;1;-1;1;-1;1
2,precision_2_timepoints_3.coo,24,32,10000,false,0.30069751,0.0,-92.0,-92.0,3.125,1;-1;-1;1;-1;1;-1;1;-1;-1;-1;1;-1;1;-1;1;1;-1;-1;1;-1;1;-1;1
2,precision_2_timepoints_4.coo,32,32,10000,false,0.317406964,0.0,-138.0,-138.0,6.25,1;-1;-1;1;-1;1;-1;1;-1;-1;-1;1;-1;1;-1;1;1;-1;-1;1;-1;1;-1;1;-1;-1;-1;1;-1;1;-1;1
2,precision_2_timepoints_5.coo,40,32,10000,false,0.316510468,1.0869565217391304,-182.0,-184.0,0.0,1;-1;-1;1;1;-1;-1;-1;-1;-1;-1;1;-1;-1;1;-1;1;-1;-1;1;1;-1;-1;-1;-1;-1;-1;1;-1;-1;1;-1;1;-1;-1;1;1;-1;-1;-1
2,precision_2_timepoints_2.coo,16,64,1000,false,0.027914493,0.0,-46.0,-46.0,32.8125,1;-1;-1;1;-1;1;-1;1;-1;-1;-1;1;-1;1;-1;1
2,precision_2_timepoints_3.coo,24,64,1000,false,0.042449991,0.0,-92.0,-92.0,25.0,1;-1;-1;1;-1;1;-1;1;-1;-1;-1;1;-1;1;-1;1;1;-1;-1;1;-1;1;-1;1
2,precision_2_timepoints_4.coo,32,64,1000,false,0.028248115,0.7246376811594203,-137.0,-138.0,0.0,-1;1;-1;1;-1;1;-1;1;1;-1;-1;1;-1;1;-1;1;-1;-1;-1;1;-1;1;-1;1;1;-1;-1;1;-1;1;-1;1
2,precision_2_timepoints_5.coo,40,64,1000,false,0.036296852,0.0,-184.0,-184.0,3.125,1;-1;-1;1;-1;1;-1;1;-1;-1;-1;1;-1;1;-1;1;1;-1;-1;1;-1;1;-1;1;-1;-1;-1;1;-1;1;-1;1;1;-1;-1;1;-1;1;-1;1
2,precision_2_timepoints_2.coo,16,64,10000,false,0.313768642,0.0,-46.0,-46.0,7.8125,1;-1;-1;1;-1;1;-1;1;-1;-1;-1;1;-1;1;-1;1
2,precision_2_timepoints_3.coo,24,64,10000,false,0.30749235,0.0,-92.0,-92.0,1.5625,1;-1;-1;1;-1;1;-1;1;-1;-1;-1;1;-1;1;-1;1;1;-1;-1;1;-1;1;-1;1
2,precision_2_timepoints_4.coo,32,64,10000,false,0.301298581,0.0,-138.0,-138.0,7.8125,1;-1;-1;1;-1;1;-1;1;-1;-1;-1;1;-1;1;-1;1;1;-1;-1;1;-1;1;-1;1;-1;-1;-1;1;-1;1;-1;1
2,precision_2_timepoints_5.coo,40,64,10000,false,0.325134216,0.5434782608695652,-183.0,-184.0,0.0,1;-1;-1;1;1;-1;-1;1;-1;-1;-1;1;-1;-1;-1;1;1;-1;-1;1;1;-1;-1;1;-1;-1;-1;1;-1;-1;-1;1;1;-1;-1;1;1;-1;-1;1
2,precision_2_timepoints_2.coo,16,128,1000,false,0.027730501,0.0,-46.0,-46.0,35.15625,1;-1;-1;1;-1;1;-1;1;-1;-1;-1;1;-1;1;-1;1
2,precision_2_timepoints_3.coo,24,128,1000,false,0.026874927,0.0,-92.0,-92.0,14.0625,1;-1;-1;1;-1;1;-1;1;-1;-1;-1;1;-1;1;-1;1;1;-1;-1;1;-1;1;-1;1
2,precision_2_timepoints_4.coo,32,128,1000,false,0.027797385,0.0,-138.0,-138.0,0.78125,1;-1;-1;1;-1;1;-1;1;-1;-1;-1;1;-1;1;-1;1;1;-1;-1;1;-1;1;-1;1;-1;-1;-1;1;-1;1;-1;1
2,precision_2_timepoints_5.coo,40,128,1000,false,0.026408073,0.0,-184.0,-184.0,1.5625,1;-1;-1;1;-1;1;-1;1;-1;-1;-1;1;-1;1;-1;1;1;-1;-1;1;-1;1;-1;1;-1;-1;-1;1;-1;1;-1;1;1;-1;-1;1;-1;1;-1;1
2,precision_2_timepoints_2.coo,16,128,10000,false,0.316618456,0.0,-46.0,-46.0,18.75,1;-1;-1;1;-1;1;-1;1;-1;-1;-1;1;-1;1;-1;1
2,precision_2_timepoints_3.coo,24,128,10000,false,0.311168234,0.0,-92.0,-92.0,1.5625,1;-1;-1;1;-1;1;-1;1;-1;-1;-1;1;-1;1;-1;1;1;-1;-1;1;-1;1;-1;1
2,precision_2_timepoints_4.coo,32,128,10000,false,0.298785374,0.0,-138.0,-138.0,2.34375,1;-1;-1;1;-1;1;-1;1;-1;-1;-1;1;-1;1;-1;1;1;-1;-1;1;-1;1;-1;1;-1;-1;-1;1;-1;1;-1;1
2,precision_2_timepoints_5.coo,40,128,10000,false,0.322393443,0.5434782608695652,-183.0,-184.0,0.0,1;-1;-1;1;1;-1;-1;1;-1;-1;-1;1;-1;-1;-1;1;1;-1;-1;1;1;-1;-1;1;-1;-1;-1;1;-1;-1;-1;1;1;-1;-1;1;1;-1;-1;1
2,precision_2_timepoints_2.coo,16,256,1000,false,0.028632646,0.0,-46.0,-46.0,28.515625,1;-1;-1;1;-1;1;-1;1;-1;-1;-1;1;-1;1;-1;1
2,precision_2_timepoints_3.coo,24,256,1000,false,0.027842257,0.0,-92.0,-92.0,16.40625,1;-1;-1;1;-1;1;-1;1;-1;-1;-1;1;-1;1;-1;1;1;-1;-1;1;-1;1;-1;1
2,precision_2_timepoints_4.coo,32,256,1000,false,0.042942508,0.0,-138.0,-138.0,2.734375,1;-1;-1;1;-1;1;-1;1;-1;-1;-1;1;-1;1;-1;1;1;-1;-1;1;-1;1;-1;1;-1;-1;-1;1;-1;1;-1;1
2,precision_2_timepoints_5.coo,40,256,1000,false,0.029628467,0.0,-184.0,-184.0,0.78125,1;-1;-1;1;-1;1;-1;1;-1;-1;-1;1;-1;1;-1;1;1;-1;-1;1;-1;1;-1;1;-1;-1;-1;1;-1;1;-1;1;1;-1;-1;1;-1;1;-1;1
2,precision_2_timepoints_2.coo,16,256,10000,false,0.310279025,0.0,-46.0,-46.0,17.96875,1;-1;-1;1;-1;1;-1;1;-1;-1;-1;1;-1;1;-1;1
2,precision_2_timepoints_3.coo,24,256,10000,false,0.309020159,0.0,-92.0,-92.0,1.171875,1;-1;-1;1;-1;1;-1;1;-1;-1;-1;1;-1;1;-1;1;1;-1;-1;1;-1;1;-1;1
2,precision_2_timepoints_4.coo,32,256,10000,false,0.302110247,0.0,-138.0,-138.0,5.46875,1;-1;-1;1;-1;1;-1;1;-1;-1;-1;1;-1;1;-1;1;1;-1;-1;1;-1;1;-1;1;-1;-1;-1;1;-1;1;-1;1
2,precision_2_timepoints_5.coo,40,256,10000,false,0.315623371,0.5434782608695652,-183.0,-184.0,0.0,-1;1;-1;1;-1;1;-1;1;1;-1;-1;1;-1;1;-1;1;-1;-1;-1;1;-1;1;-1;1;1;-1;-1;1;-1;1;-1;1;-1;-1;-1;1;-1;1;-1;1
2,precision_2_timepoints_2.coo,16,512,1000,false,0.04288623,0.0,-46.0,-46.0,31.25,1;-1;-1;1;-1;1;-1;1;-1;-1;-1;1;-1;1;-1;1
2,precision_2_timepoints_3.coo,24,512,1000,false,0.027292587,0.0,-92.0,-92.0,17.3828125,1;-1;-1;1;-1;1;-1;1;-1;-1;-1;1;-1;1;-1;1;1;-1;-1;1;-1;1;-1;1
2,precision_2_timepoints_4.coo,32,512,1000,false,0.035635573,0.0,-138.0,-138.0,2.734375,1;-1;-1;1;-1;1;-1;1;-1;-1;-1;1;-1;1;-1;1;1;-1;-1;1;-1;1;-1;1;-1;-1;-1;1;-1;1;-1;1
2,precision_2_timepoints_5.coo,40,512,1000,false,0.029286614,0.0,-184.0,-184.0,0.9765625,1;-1;-1;1;-1;1;-1;1;-1;-1;-1;1;-1;1;-1;1;1;-1;-1;1;-1;1;-1;1;-1;-1;-1;1;-1;1;-1;1;1;-1;-1;1;-1;1;-1;1
2,precision_2_timepoints_2.coo,16,512,10000,false,0.32037524,0.0,-46.0,-46.0,11.5234375,1;-1;-1;1;-1;1;-1;1;-1;-1;-1;1;-1;1;-1;1
2,precision_2_timepoints_3.coo,24,512,10000,false,0.297729346,0.0,-92.0,-92.0,1.3671875,1;-1;-1;1;-1;1;-1;1;-1;-1;-1;1;-1;1;-1;1;1;-1;-1;1;-1;1;-1;1
2,precision_2_timepoints_4.coo,32,512,10000,false,0.324957615,0.0,-138.0,-138.0,5.078125,1;-1;-1;1;-1;1;-1;1;-1;-1;-1;1;-1;1;-1;1;1;-1;-1;1;-1;1;-1;1;-1;-1;-1;1;-1;1;-1;1
2,precision_2_timepoints_5.coo,40,512,10000,false,0.31493598,0.0,-184.0,-184.0,0.390625,1;-1;-1;1;-1;1;-1;1;-1;-1;-1;1;-1;1;-1;1;1;-1;-1;1;-1;1;-1;1;-1;-1;-1;1;-1;1;-1;1;1;-1;-1;1;-1;1;-1;1
2,precision_2_timepoints_2.coo,16,1024,1000,false,0.038130491,0.0,-46.0,-46.0,28.90625,1;-1;-1;1;-1;1;-1;1;-1;-1;-1;1;-1;1;-1;1
2,precision_2_timepoints_3.coo,24,1024,1000,false,0.03487981,0.0,-92.0,-92.0,20.60546875,1;-1;-1;1;-1;1;-1;1;-1;-1;-1;1;-1;1;-1;1;1;-1;-1;1;-1;1;-1;1
2,precision_2_timepoints_4.coo,32,1024,1000,false,0.037112094,0.0,-138.0,-138.0,1.66015625,1;-1;-1;1;-1;1;-1;1;-1;-1;-1;1;-1;1;-1;1;1;-1;-1;1;-1;1;-1;1;-1;-1;-1;1;-1;1;-1;1
2,precision_2_timepoints_5.coo,40,1024,1000,false,0.036951052,0.0,-184.0,-184.0,1.07421875,1;-1;-1;1;-1;1;-1;1;-1;-1;-1;1;-1;1;-1;1;1;-1;-1;1;-1;1;-1;1;-1;-1;-1;1;-1;1;-1;1;1;-1;-1;1;-1;1;-1;1
2,precision_2_timepoints_2.coo,16,1024,10000,false,0.321839846,0.0,-46.0,-46.0,15.91796875,1;-1;-1;1;-1;1;-1;1;-1;-1;-1;1;-1;1;-1;1
2,precision_2_timepoints_3.coo,24,1024,10000,false,0.336684092,0.0,-92.0,-92.0,0.9765625,1;-1;-1;1;-1;1;-1;1;-1;-1;-1;1;-1;1;-1;1;1;-1;-1;1;-1;1;-1;1
2,precision_2_timepoints_4.coo,32,1024,10000,false,0.311160337,0.0,-138.0,-138.0,4.4921875,1;-1;-1;1;-1;1;-1;1;-1;-1;-1;1;-1;1;-1;1;1;-1;-1;1;-1;1;-1;1;-1;-1;-1;1;-1;1;-1;1
2,precision_2_timepoints_5.coo,40,1024,10000,false,0.311021712,0.0,-184.0,-184.0,0.68359375,1;-1;-1;1;-1;1;-1;1;-1;-1;-1;1;-1;1;-1;1;1;-1;-1;1;-1;1;-1;1;-1;-1;-1;1;-1;1;-1;1;1;-1;-1;1;-1;1;-1;1
2,precision_2_timepoints_2.coo,16,2048,1000,false,0.037934792,0.0,-46.0,-46.0,28.662109375,1;-1;-1;1;-1;1;-1;1;-1;-1;-1;1;-1;1;-1;1
2,precision_2_timepoints_3.coo,24,2048,1000,false,0.037272538,0.0,-92.0,-92.0,18.603515625,1;-1;-1;1;-1;1;-1;1;-1;-1;-1;1;-1;1;-1;1;1;-1;-1;1;-1;1;-1;1
2,precision_2_timepoints_4.coo,32,2048,1000,false,0.034674272,0.0,-138.0,-138.0,1.46484375,1;-1;-1;1;-1;1;-1;1;-1;-1;-1;1;-1;1;-1;1;1;-1;-1;1;-1;1;-1;1;-1;-1;-1;1;-1;1;-1;1
2,precision_2_timepoints_5.coo,40,2048,1000,false,0.036301011,0.0,-184.0,-184.0,0.830078125,1;-1;-1;1;-1;1;-1;1;-1;-1;-1;1;-1;1;-1;1;1;-1;-1;1;-1;1;-1;1;-1;-1;-1;1;-1;1;-1;1;1;-1;-1;1;-1;1;-1;1
2,precision_2_timepoints_2.coo,16,2048,10000,false,0.305385428,0.0,-46.0,-46.0,12.548828125,1;-1;-1;1;-1;1;-1;1;-1;-1;-1;1;-1;1;-1;1
2,precision_2_timepoints_3.coo,24,2048,10000,false,0.299649937,0.0,-92.0,-92.0,0.927734375,1;-1;-1;1;-1;1;-1;1;-1;-1;-1;1;-1;1;-1;1;1;-1;-1;1;-1;1;-1;1
2,precision_2_timepoints_4.coo,32,2048,10000,false,0.331060656,0.0,-138.0,-138.0,3.759765625,1;-1;-1;1;-1;1;-1;1;-1;-1;-1;1;-1;1;-1;1;1;-1;-1;1;-1;1;-1;1;-1;-1;-1;1;-1;1;-1;1
2,precision_2_timepoints_5.coo,40,2048,10000,false,0.34974437,0.0,-184.0,-184.0,0.634765625,1;-1;-1;1;-1;1;-1;1;-1;-1;-1;1;-1;1;-1;1;1;-1;-1;1;-1;1;-1;1;-1;-1;-1;1;-1;1;-1;1;1;-1;-1;1;-1;1;-1;1
2,precision_2_timepoints_2.coo,16,4096,1000,false,0.040022929,0.0,-46.0,-46.0,29.248046875,1;-1;-1;1;-1;1;-1;1;-1;-1;-1;1;-1;1;-1;1
2,precision_2_timepoints_3.coo,24,4096,1000,false,0.044474026,0.0,-92.0,-92.0,20.1904296875,1;-1;-1;1;-1;1;-1;1;-1;-1;-1;1;-1;1;-1;1;1;-1;-1;1;-1;1;-1;1
2,precision_2_timepoints_4.coo,32,4096,1000,false,0.047279753,0.0,-138.0,-138.0,1.85546875,1;-1;-1;1;-1;1;-1;1;-1;-1;-1;1;-1;1;-1;1;1;-1;-1;1;-1;1;-1;1;-1;-1;-1;1;-1;1;-1;1
2,precision_2_timepoints_5.coo,40,4096,1000,false,0.046040323,0.0,-184.0,-184.0,1.123046875,1;-1;-1;1;-1;1;-1;1;-1;-1;-1;1;-1;1;-1;1;1;-1;-1;1;-1;1;-1;1;-1;-1;-1;1;-1;1;-1;1;1;-1;-1;1;-1;1;-1;1
2,precision_2_timepoints_2.coo,16,4096,10000,false,0.35417868,0.0,-46.0,-46.0,14.4775390625,1;-1;-1;1;-1;1;-1;1;-1;-1;-1;1;-1;1;-1;1
2,precision_2_timepoints_3.coo,24,4096,10000,false,0.372558401,0.0,-92.0,-92.0,1.1962890625,1;-1;-1;1;-1;1;-1;1;-1;-1;-1;1;-1;1;-1;1;1;-1;-1;1;-1;1;-1;1
2,precision_2_timepoints_4.coo,32,4096,10000,false,0.375635703,0.0,-138.0,-138.0,4.2236328125,1;-1;-1;1;-1;1;-1;1;-1;-1;-1;1;-1;1;-1;1;1;-1;-1;1;-1;1;-1;1;-1;-1;-1;1;-1;1;-1;1
2,precision_2_timepoints_5.coo,40,4096,10000,false,0.38004858,0.0,-184.0,-184.0,0.3662109375,1;-1;-1;1;-1;1;-1;1;-1;-1;-1;1;-1;1;-1;1;1;-1;-1;1;-1;1;-1;1;-1;-1;-1;1;-1;1;-1;1;1;-1;-1;1;-1;1;-1;1
2,precision_2_timepoints_2.coo,16,8192,1000,false,0.081055763,0.0,-46.0,-46.0,29.38232421875,1;-1;-1;1;-1;1;-1;1;-1;-1;-1;1;-1;1;-1;1
2,precision_2_timepoints_3.coo,24,8192,1000,false,0.066037221,0.0,-92.0,-92.0,19.51904296875,1;-1;-1;1;-1;1;-1;1;-1;-1;-1;1;-1;1;-1;1;1;-1;-1;1;-1;1;-1;1
2,precision_2_timepoints_4.coo,32,8192,1000,false,0.065556414,0.0,-138.0,-138.0,1.74560546875,1;-1;-1;1;-1;1;-1;1;-1;-1;-1;1;-1;1;-1;1;1;-1;-1;1;-1;1;-1;1;-1;-1;-1;1;-1;1;-1;1
2,precision_2_timepoints_5.coo,40,8192,1000,false,0.070583687,0.0,-184.0,-184.0,0.927734375,1;-1;-1;1;-1;1;-1;1;-1;-1;-1;1;-1;1;-1;1;1;-1;-1;1;-1;1;-1;1;-1;-1;-1;1;-1;1;-1;1;1;-1;-1;1;-1;1;-1;1
2,precision_2_timepoints_2.coo,16,8192,10000,false,0.566855116,0.0,-46.0,-46.0,14.12353515625,1;-1;-1;1;-1;1;-1;1;-1;-1;-1;1;-1;1;-1;1
2,precision_2_timepoints_3.coo,24,8192,10000,false,0.582052995,0.0,-92.0,-92.0,1.01318359375,1;-1;-1;1;-1;1;-1;1;-1;-1;-1;1;-1;1;-1;1;1;-1;-1;1;-1;1;-1;1
2,precision_2_timepoints_4.coo,32,8192,10000,false,0.597263388,0.0,-138.0,-138.0,4.150390625,1;-1;-1;1;-1;1;-1;1;-1;-1;-1;1;-1;1;-1;1;1;-1;-1;1;-1;1;-1;1;-1;-1;-1;1;-1;1;-1;1
2,precision_2_timepoints_5.coo,40,8192,10000,false,0.629044022,0.0,-184.0,-184.0,0.62255859375,1;-1;-1;1;-1;1;-1;1;-1;-1;-1;1;-1;1;-1;1;1;-1;-1;1;-1;1;-1;1;-1;-1;-1;1;-1;1;-1;1;1;-1;-1;1;-1;1;-1;1
2,precision_2_timepoints_2.coo,16,16384,1000,false,0.106305422,0.0,-46.0,-46.0,30.120849609375,1;-1;-1;1;-1;1;-1;1;-1;-1;-1;1;-1;1;-1;1
2,precision_2_timepoints_3.coo,24,16384,1000,false,0.11326729,0.0,-92.0,-92.0,19.366455078125,1;-1;-1;1;-1;1;-1;1;-1;-1;-1;1;-1;1;-1;1;1;-1;-1;1;-1;1;-1;1
2,precision_2_timepoints_4.coo,32,16384,1000,false,0.301267905,0.0,-138.0,-138.0,1.6845703125,1;-1;-1;1;-1;1;-1;1;-1;-1;-1;1;-1;1;-1;1;1;-1;-1;1;-1;1;-1;1;-1;-1;-1;1;-1;1;-1;1
2,precision_2_timepoints_5.coo,40,16384,1000,false,0.114860976,0.0,-184.0,-184.0,1.031494140625,1;-1;-1;1;-1;1;-1;1;-1;-1;-1;1;-1;1;-1;1;1;-1;-1;1;-1;1;-1;1;-1;-1;-1;1;-1;1;-1;1;1;-1;-1;1;-1;1;-1;1
2,precision_2_timepoints_2.coo,16,16384,10000,false,1.045318602,0.0,-46.0,-46.0,13.671875,1;-1;-1;1;-1;1;-1;1;-1;-1;-1;1;-1;1;-1;1
2,precision_2_timepoints_3.coo,24,16384,10000,false,1.003431281,0.0,-92.0,-92.0,1.08642578125,1;-1;-1;1;-1;1;-1;1;-1;-1;-1;1;-1;1;-1;1;1;-1;-1;1;-1;1;-1;1
2,precision_2_timepoints_4.coo,32,16384,10000,false,1.017628301,0.0,-138.0,-138.0,3.863525390625,1;-1;-1;1;-1;1;-1;1;-1;-1;-1;1;-1;1;-1;1;1;-1;-1;1;-1;1;-1;1;-1;-1;-1;1;-1;1;-1;1
2,precision_2_timepoints_5.coo,40,16384,10000,false,1.129931765,0.0,-184.0,-184.0,0.5615234375,1;-1;-1;1;-1;1;-1;1;-1;-1;-1;1;-1;1;-1;1;1;-1;-1;1;-1;1;-1;1;-1;-1;-1;1;-1;1;-1;1;1;-1;-1;1;-1;1;-1;1
2,precision_2_timepoints_2.coo,16,32768,1000,false,0.190812808,0.0,-46.0,-46.0,30.1422119140625,1;-1;-1;1;-1;1;-1;1;-1;-1;-1;1;-1;1;-1;1
2,precision_2_timepoints_3.coo,24,32768,1000,false,0.21728129,0.0,-92.0,-92.0,19.51904296875,1;-1;-1;1;-1;1;-1;1;-1;-1;-1;1;-1;1;-1;1;1;-1;-1;1;-1;1;-1;1
2,precision_2_timepoints_4.coo,32,32768,1000,false,0.237102472,0.0,-138.0,-138.0,1.77001953125,1;-1;-1;1;-1;1;-1;1;-1;-1;-1;1;-1;1;-1;1;1;-1;-1;1;-1;1;-1;1;-1;-1;-1;1;-1;1;-1;1
2,precision_2_timepoints_5.coo,40,32768,1000,false,0.258110931,0.0,-184.0,-184.0,1.1993408203125,1;-1;-1;1;-1;1;-1;1;-1;-1;-1;1;-1;1;-1;1;1;-1;-1;1;-1;1;-1;1;-1;-1;-1;1;-1;1;-1;1;1;-1;-1;1;-1;1;-1;1
2,precision_2_timepoints_2.coo,16,32768,10000,false,1.878550572,0.0,-46.0,-46.0,13.604736328125,1;-1;-1;1;-1;1;-1;1;-1;-1;-1;1;-1;1;-1;1
2,precision_2_timepoints_3.coo,24,32768,10000,false,2.164509811,0.0,-92.0,-92.0,1.0162353515625,1;-1;-1;1;-1;1;-1;1;-1;-1;-1;1;-1;1;-1;1;1;-1;-1;1;-1;1;-1;1
2,precision_2_timepoints_4.coo,32,32768,10000,false,2.34132467,0.0,-138.0,-138.0,4.3212890625,1;-1;-1;1;-1;1;-1;1;-1;-1;-1;1;-1;1;-1;1;1;-1;-1;1;-1;1;-1;1;-1;-1;-1;1;-1;1;-1;1
2,precision_2_timepoints_5.coo,40,32768,10000,false,2.464164051,0.0,-184.0,-184.0,0.5126953125,1;-1;-1;1;-1;1;-1;1;-1;-1;-1;1;-1;1;-1;1;1;-1;-1;1;-1;1;-1;1;-1;-1;-1;1;-1;1;-1;1;1;-1;-1;1;-1;1;-1;1
2,precision_2_timepoints_2.coo,16,65536,1000,false,0.458999094,0.0,-46.0,-46.0,29.76837158203125,1;-1;-1;1;-1;1;-1;1;-1;-1;-1;1;-1;1;-1;1
2,precision_2_timepoints_3.coo,24,65536,1000,false,0.455605045,0.0,-92.0,-92.0,19.6990966796875,1;-1;-1;1;-1;1;-1;1;-1;-1;-1;1;-1;1;-1;1;1;-1;-1;1;-1;1;-1;1
2,precision_2_timepoints_4.coo,32,65536,1000,false,0.470277207,0.0,-138.0,-138.0,1.7303466796875,1;-1;-1;1;-1;1;-1;1;-1;-1;-1;1;-1;1;-1;1;1;-1;-1;1;-1;1;-1;1;-1;-1;-1;1;-1;1;-1;1
2,precision_2_timepoints_5.coo,40,65536,1000,false,0.491003705,0.0,-184.0,-184.0,1.10321044921875,1;-1;-1;1;-1;1;-1;1;-1;-1;-1;1;-1;1;-1;1;1;-1;-1;1;-1;1;-1;1;-1;-1;-1;1;-1;1;-1;1;1;-1;-1;1;-1;1;-1;1
2,precision_2_timepoints_2.coo,16,65536,10000,false,4.451006007,0.0,-46.0,-46.0,13.64898681640625,1;-1;-1;1;-1;1;-1;1;-1;-1;-1;1;-1;1;-1;1
2,precision_2_timepoints_3.coo,24,65536,10000,false,4.475715564,0.0,-92.0,-92.0,1.05133056640625,1;-1;-1;1;-1;1;-1;1;-1;-1;-1;1;-1;1;-1;1;1;-1;-1;1;-1;1;-1;1
2,precision_2_timepoints_4.coo,32,65536,10000,false,4.598193136,0.0,-138.0,-138.0,4.3304443359375,1;-1;-1;1;-1;1;-1;1;-1;-1;-1;1;-1;1;-1;1;1;-1;-1;1;-1;1;-1;1;-1;-1;-1;1;-1;1;-1;1
2,precision_2_timepoints_5.coo,40,65536,10000,false,4.80676618,0.0,-184.0,-184.0,0.59051513671875,1;-1;-1;1;-1;1;-1;1;-1;-1;-1;1;-1;1;-1;1;1;-1;-1;1;-1;1;-1;1;-1;-1;-1;1;-1;1;-1;1;1;-1;-1;1;-1;1;-1;1
2,precision_2_timepoints_2.coo,16,131072,1000,false,0.897181491,0.0,-46.0,-46.0,29.724884033203125,1;-1;-1;1;-1;1;-1;1;-1;-1;-1;1;-1;1;-1;1
2,precision_2_timepoints_3.coo,24,131072,1000,false,0.902938166,0.0,-92.0,-92.0,19.5037841796875,1;-1;-1;1;-1;1;-1;1;-1;-1;-1;1;-1;1;-1;1;1;-1;-1;1;-1;1;-1;1
2,precision_2_timepoints_4.coo,32,131072,1000,false,0.930027818,0.0,-138.0,-138.0,1.69219970703125,1;-1;-1;1;-1;1;-1;1;-1;-1;-1;1;-1;1;-1;1;1;-1;-1;1;-1;1;-1;1;-1;-1;-1;1;-1;1;-1;1
2,precision_2_timepoints_5.coo,40,131072,1000,false,0.950746353,0.0,-184.0,-184.0,1.117706298828125,1;-1;-1;1;-1;1;-1;1;-1;-1;-1;1;-1;1;-1;1;1;-1;-1;1;-1;1;-1;1;-1;-1;-1;1;-1;1;-1;1;1;-1;-1;1;-1;1;-1;1
2,precision_2_timepoints_2.coo,16,131072,10000,false,8.822795193,0.0,-46.0,-46.0,13.9007568359375,1;-1;-1;1;-1;1;-1;1;-1;-1;-1;1;-1;1;-1;1
2,precision_2_timepoints_3.coo,24,131072,10000,false,8.950492681,0.0,-92.0,-92.0,1.062774658203125,1;-1;-1;1;-1;1;-1;1;-1;-1;-1;1;-1;1;-1;1;1;-1;-1;1;-1;1;-1;1
2,precision_2_timepoints_4.coo,32,131072,10000,false,9.149505011,0.0,-138.0,-138.0,4.443359375,1;-1;-1;1;-1;1;-1;1;-1;-1;-1;1;-1;1;-1;1;1;-1;-1;1;-1;1;-1;1;-1;-1;-1;1;-1;1;-1;1
2,precision_2_timepoints_5.coo,40,131072,10000,false,9.497836077,0.0,-184.0,-184.0,0.543975830078125,1;-1;-1;1;-1;1;-1;1;-1;-1;-1;1;-1;1;-1;1;1;-1;-1;1;-1;1;-1;1;-1;-1;-1;1;-1;1;-1;1;1;-1;-1;1;-1;1;-1;1
2,precision_2_timepoints_2.coo,16,262144,1000,false,1.781523122,0.0,-46.0,-46.0,29.709625244140625,1;-1;-1;1;-1;1;-1;1;-1;-1;-1;1;-1;1;-1;1
2,precision_2_timepoints_3.coo,24,262144,1000,false,1.817815411,0.0,-92.0,-92.0,19.589996337890625,1;-1;-1;1;-1;1;-1;1;-1;-1;-1;1;-1;1;-1;1;1;-1;-1;1;-1;1;-1;1
2,precision_2_timepoints_4.coo,32,262144,1000,false,1.93394836,0.0,-138.0,-138.0,1.743316650390625,1;-1;-1;1;-1;1;-1;1;-1;-1;-1;1;-1;1;-1;1;1;-1;-1;1;-1;1;-1;1;-1;-1;-1;1;-1;1;-1;1
2,precision_2_timepoints_5.coo,40,262144,1000,false,1.928363232,0.0,-184.0,-184.0,1.1402130126953125,1;-1;-1;1;-1;1;-1;1;-1;-1;-1;1;-1;1;-1;1;1;-1;-1;1;-1;1;-1;1;-1;-1;-1;1;-1;1;-1;1;1;-1;-1;1;-1;1;-1;1
2,precision_2_timepoints_2.coo,16,262144,10000,false,17.675872909,0.0,-46.0,-46.0,13.73291015625,1;-1;-1;1;-1;1;-1;1;-1;-1;-1;1;-1;1;-1;1
2,precision_2_timepoints_3.coo,24,262144,10000,false,17.984385828,0.0,-92.0,-92.0,1.0402679443359375,1;-1;-1;1;-1;1;-1;1;-1;-1;-1;1;-1;1;-1;1;1;-1;-1;1;-1;1;-1;1
2,precision_2_timepoints_4.coo,32,262144,10000,false,18.52253117,0.0,-138.0,-138.0,4.4216156005859375,1;-1;-1;1;-1;1;-1;1;-1;-1;-1;1;-1;1;-1;1;1;-1;-1;1;-1;1;-1;1;-1;-1;-1;1;-1;1;-1;1
2,precision_2_timepoints_5.coo,40,262144,10000,false,19.22859533,0.0,-184.0,-184.0,0.5420684814453125,1;-1;-1;1;-1;1;-1;1;-1;-1;-1;1;-1;1;-1;1;1;-1;-1;1;-1;1;-1;1;-1;-1;-1;1;-1;1;-1;1;1;-1;-1;1;-1;1;-1;1
